ZZZZ,zzzz
&,እና
3M,3ኤም
ABABA,አበባ
ABADI,አባዲ
ABAGENO,አባገኖ
ABAKITAW,አባቅጣው
ABAMITAW,አባምታው
ABASELFU,አባሰልፉ
ABAT,አባት
ABATE,አባተ
ABATEYE,አባትዬ
ABATINEH,አባትነህ
ABAWUKAW,አባውቃው
ABAY,አባይ
ABAYNEH,አባይነህ
ABAYNESH,አባይነሽ
ABDELA,አብደላ
ABDELLA,አብደላ
ABDI,አብዲ
ABDILAHI,አብዲላሂ
ABDISHRIN,አብዲሽሪን
ABDISSA,አብዲሳ
ABDU,አብዱ
ABDULAHI,አብዱላሂ
ABDUMELIK,አብዱመሊክ
ABDURAHMAN,አብዱራህማን
ABEBA,አበባ
ABEBAW,አበባው
ABEBAYEHU,አበባየሁ
ABEBE,አበበ
ABEBECH,አበበች
ABEBU,አበቡ
ABECHEKELI,አበቸከሊ
ABEGAZ,አበጋዝ
ABEJE,አበጀ
ABEKA,አበቃ
ABEL,አቤል
ABENET,አብነት
ABENEZER,አቤኔዘር
ABERA,አበራ
ABERAHA,አብርሃ
ABERASH,አበራሽ
ABERE,አበረ
ABEREHA,አብርሃ
ABEREHAM,አብርሃም
ABERETUGN,አበረቱኝ
ABESHA,ሐበሻ
ABESHEGELE,አበሸገለ
ABETEW,አብተው
ABETU,አቤቱ
ABI,አቢ
ABINET,አብነት
ABIREHA,አብርሃ
ABIRHA,አብርሃ
ABIRHAM,አብርሃም
ABITEW,አብተው
ABIY,አብይ
ABIYOT,አብዮት
ABIYOU,አብዮት
ABIYU,አብዩ
ABMALU,አብማሉ
ABO,አቦ
ABORTUGNE,አቦርቱኝ
ABOYE,አቦየ
ABRAHA,አብርሃ
ABREHA,አብርሃ
ABREHAM,አብርሃም
ABRHA,አብርሃ
ABRHAM,አብርሃም
ABROADEG,አብሮአደግ
ABSIRA,አብስራ
ABUBEKER,አቡበከር
ABUN,አቡን
ABUNIE,አቡኒ
ABUYE,አቡዬ
ACHAMEYELEH,አቻምየለህ
ACHAMINA,አቻሚና
ACHAMYELESH,አቻምየለሽ
ACHISO,አቺሶ
ADA,አዳ
ADAL,አዳል
ADAMA,አዳማ
ADAMSEGED,አዳምሰገድ
ADAMTIE,አዳምጢ
ADAMU,አዳሙ
ADANE,አዳነ
ADANECH,አዳነች
ADDE,አዴ
ADDIS,አዲስ
ADDISALEM,አዲስዓለም
ADDISE,አዲሴ
ADDISENA,አዲሴና
ADDISU,አዲሱ
ADEBABAY,አደባባይ
ADEFASH,አደፋሽ
ADEFERESE,አደፍርስ
ADEFIRIS,አደፍርስ
ADEFRIS,አደፍርስ
ADEHANA,አዴሃና
ADEM,አደም
ADEME,አደመ
ADENAGIR,አደናግር
ADENEW,አድነው
ADERA,አደራ
ADERAW,አደራው
ADERE,አደረ
ADET,አዴት
ADI,አዲ
ADIGEHILIGN,አድገህልኝ
ADIGO,አድጐ
ADIKA,አዲካ
ADIMASU,አድማሱ
ADM.,ኤዲኤም.
ADMAS,አድማስ
ADMASSIE,አድማሴ
ADMASSU,አድማሱ
ADMASU,አድማሱ
ADMAW,አድማው
ADMINISTRATION,አድሚኒስትሬሽን
ADMITE,አድማይት
ADONAY,አዶናይ
ADUCHA,አዱቻ
ADUGNA,አዱኛ
ADUNEYAS,አዱኒያስ
AEMERO,አእምሮ
AEMIRO,አእምሮ
AFERA,አፍራ
AFERASA,አፍራሳ
AFEWERK,አፈወርቅ
AFEWORK,አፈወርቅ
AFRICAWIT,አፍሪካዊት
AGACHE,አጋቼ
AGAJE,አጋዤ
AGAJI,አጋዤ
AGAZE,አጋዤ
AGEGELGOT,አገልግሎት
AGEGN,አገኝ
AGEGNEW,አገኘው
AGELEGELOT,አገልግሎት
AGELGILOT,አገልግሎት
AGELGLOT,አገልግሎት
AGEZ,አገዝ
AGEZE,አገዘ
AGIDEW,አግደው
AGRITENA,አግሪቴና
AHEMED,አህመድ
AHEMERO,አእምሮ
AHMED,አህመድ
AIYZA,አይዛ
AJEME,አጀመ
AKABABEWI,አካባቢው
AKABABI,አካባቢ
AKABABIW,አካባቢው
AKABABIWA,አካባቢዋ
AKABABWE,አካባቢው
AKABABWI,አካባቢው
AKAL,አካል
AKALU,አካሉ
AKANA,አካና
AKBERET,አክብረት
AKELE,አከለ
AKESION,አክሲኦን
AKILELE,አከለለ
AKILOG,አክሎግ
AKISION,አክሲኦን
AKLEW,አክለው
AKLIL,አክሊል
AKLILE,አክሊለ
AKLILU,አክሊሉ
AKLOG,አክሎግ
ALAMEREW,አላምረው
ALE,አለ
ALEBACHEW,አለባቸው
ALEBEL,አለበል
ALEGNETA,አለኝታ
ALEHEGN,አለኅኝ
ALELEIGN,አለልኝ
ALEM,አለም
ALEMAW,አለማው
ALEMAYEHU,አለማየው
ALEME,አለመ
ALEMENEH,አለምነህ
ALEMENESH,አለምነሽ
ALEMENEW,አለምነው
ALEMESHET,አለምሸት
ALEMGENA,አለምገና
ALEMINEH,አለምነህ
ALEMINESH,አለምነሽ
ALEMINEW,አለምነው
ALEMITU,አለሚቱ
ALEMSEGED,አለምሰገድ
ALEMTSEHAY,አለምጸሀይ
ALEMU,አለሙ
ALEMU/,አለሙ/
ALENE,አለነ
ALESHIGN,አለሺኝ
ALI,አሊ
ALIGAZ,አሊጋዝ
ALIGAZE,አሊጋዝ
ALIKUL,አሊኩል
ALINUR,አሊኑር
ALKADIR,አልከድር
ALMA,አልማ
ALMAW,አለማው
ALMAZ,አልማዝ
ALTAD,አልታድ
ALTAYE,አልታዬ
ALTAYEWORK,አልታዬዎርቅ
ALULA,አሉላ
ALUMA,አሉማ
ALYU,አልዩ
AMAHRA,አማራ
AMAKEREW,አማከረው
AMALED,አማለድ
AMANUEL,አማኑዕል
AMARE,አማረ
AMARSHIGN,አማርሺኝ
AMBA,አምባ
AMBAW,አምባው
AMBAYE,አምባዬ
AMBEL,አምበል
AMBELENESH,አምበለነስህ
AMBELU,አምበሉ
AMDE,አምዴ
AMDEMARIAM,አምደማርያም
AMDEMESKEL,አምደመስቀል
AMDETA,አምደታ
AMEHA,አመሃ
AMELAKIE,አምላኬ
AMELEWORK,አመለዎርቅ
AMENESHEWA,አመነሽዋ
AMENU,አመኑ
AMERA,አመራ
AMERACHOCH,አመራችሆች
AMERE,አመረ
AMERGA,አመርጋ
AMHARA,አማራ
AMHRA,አማራ
AMIDEMICHAEL,አምደሚካእል
AMIHA,አምሃ
AMIRACHOCH,አምራቾች
AMISAYA,አሚሳያ
AMOGNE,አሞኝ
AMOGNEHEGN,አሞኝነህ
AMRIN,አምሪን
AMSALE,አምሳለ
AMSALU,አምሳሉ
AMTATE,አምታቴ
ANAEL,አናዔል
ANAGAW,አናጋው
ANANEYA,አናነያ
ANANIYA,አናኒያ
ANBELE,አንበለ
ANBERBIR,አንበርበር
ANBESSIE,አንበሴ
AND,እና
ANDAREGACHEW,አንዳርጋቸው
ANDARGACHEW,አንዳርጋቸው
ANDARGE,አንዳርጌ
ANDARGEW,አንዳርገው
ANDENET,አንድነት
ANDUALEM,አንዱአለም
ANEGAGERE,አነጋገሬ
ANELEY,አንለይ
ANGASU,አንጋሱ
ANGELO,አንገሉ
ANILEY,አንለይ
ANOVA,አኖቫ
ANTENAENE,አንተናኔ
ANTENEH,አንተነህ
ANTEWAL,አንተዋል
ARADEW,አራዳው
ARAGAW,አራጋው
ARAGE,አራጌ
ARAGIE,አራጌ
ARAYA,አራያ
AREAYA,አራያ
AREBO,አረቦ
AREDA,አረዳ
AREFAYNE,አረፋይኔ
AREGA,አረጋ
AREGACHEW,አረጋችው
AREGASH,አረጋሽ
AREGAW,አረጋው
AREGAWI,አረጋዊ
AREGAY,አረጋይ
ARERETI,አረርቲ
ARERTI,አረርቲ
ARGACHA,አርጋቻ
ARGAW,አርጋው
ARIGAW,አርጋው
ARIKEW,አርቀው
ARKA,አርካ
ARKEBE,አርከበ
ARKIS,አርኪስ
ARSEMA,አርሴማ
ARYA,አርያ
ASAMENEW,አሳምነው
ASAMERE,አሳመረ
ASCHALEW,አስቻለው
ASCHENAKI,አስጨናቂ
ASEBU,አሰቡ
ASEFA,አስፋ
ASEGDE,አሰግድ
ASEGE,አሰገ
ASEGED,አሰግድ
ASEGEDECH,አስገደች
ASEGID,አስግድ
ASELEFECH,አሰለፈች
ASERAT,አስራት
ASERES,አስረስ
ASFAW,አስፋው
ASFEHA,አስፈሃ
ASGEDOM,አሰግዶም
ASHA,አሻ
ASHAGERE,አሻግሬ
ASHAGRE,አሻግሬ
ASHEBER,አሽብር
ASHEBIR,አሸብር
ASHENAFI,አሸናፊ
ASHENGIE,አሸነንጌ
ASIFAW,አስፋው
ASINAKEW,አስናቀ
ASKALE,አስካለ
ASKALECH,አስካለች
ASKALEMARIAM,አስካለማርያም
ASMAMAW,አስማማው
ASMARE,አስማረ
ASMELASH,አስመላሽ
ASMELASHE,አስመላሽ
ASMERET,አስመረት
ASMIROM,አስሚሮን
ASNAKE,አስናቀ
ASNAKECH,አስናቀች
ASNAKEW,አስናቀው
ASNAKU,አስናቁ
ASRAT,አስራት
ASRES,አስረስ
ASRESE,አስረስ
ASRESS,አስረስ
ASS.,አሶሴሽን
ASSALIFEGN,አሳልፈኝ
ASSAM,አሳም
ASSAYE,አሳየ
ASSEFA,አሰፋ
ASSEFAW,አስፋው
ASSEFIE,አሰፊ
ASSEFU,አሰፉ
ASSEGE,አሰጌ
ASSOCAITION,አሶስዬሽን
ASSOCATION,አሶስዬሽን
ASSOCI.,አሶስዬሽን
ASSOCIATION,አሶስዬሽን
ASSOSATION,አሶስዬሽን
ASTATEKE,አስታጠቅ
ASTEDADER,አስተዳደር
ASTER,አስቴር
ASTEWAY,አስተዋይ
ATAKILT,አታክልቲ
ATAKILTI,አታክልቲ
ATAKLTI,አታክልቲ
ATAMIRE,አታምሬ
ATB,ኤቲቢ
ATEKALAY,አጠቃላይ
ATENAFESEGED,አጥናፍሰገድ
ATENAFU,አጥናፉ
ATENEKUT,አትንኩት
ATERESAW,አትርሳው
ATIBYA,አጥቢያ
ATILAW,አጥላው
ATKLIT,አትክልት
ATNAFU,አጥናፉ
ATO,አቶ
ATSEDE,አጸደ
ATSEKU,ኣጸቁ
AUDITOR,ኦዲተር
AWASH,አዋሽ
AWEGACHEW,አውጋቸው
AWEKE,አወቀ
AWEL,አወል
AWELACHEW,አውላቸው
AWI,አዊ
AWOKE,አወቀ
AWUGECHEW,አውጋቸው
AWULACHEW,አውላቸው
AYAKELUSH,አያክሉሽ
AYALENESH,አያከሉሽ
AYALEW,አያሌው
AYALKEBET,አያልቅበት
AYALNESH,አያልነሽ
AYALSEW,ሃያልሰው
AYANA,አያና
AYANAW,አየነው
AYANE,አያኔ
AYANEW,አየነው
AYCHEH,አይቼ
AYCHEW,አይቼው
AYDEBIB,አይደብብ
AYECHELIE,አይችሌ
AYEHU,አየሁ
AYELE,አየለ
AYENALEM,አይናልም
AYENE,አየነ
AYENEABEBA,አየነአበባ
AYENEKULU,አይነኩሉ
AYENEW,አየነው
AYENYE,አይንዬ
AYETEGEB,አይተገብ
AYEVAR,አይቫር
AYINALEM,አይናለም
AYNADIS,አይናዲስ
AYNALEM,አይናለም
AYTENEW,አይተነው
AZAGA,አዛጋ
AZANAW,አዛናው
AZAYE,አዛዬ
AZEB,አዜብ
AZENE,አዘነ
AZEREFEGN,አዘረፈኝ
AZEWA,አዝዋ
AZEZE,አዘዘ
AZEZEW,አዘዘው
AZMERA,አዝመራው
AZMETE,አዝመት
B/G,ቢ/ጂ
BABISO,ባቢሶ
BAHERAN,ባህራን
BAHERU,ባህሩ
BAHIRDAR,ባህርዳር
BAHIRU,ባህሩ
BALCHA,ባልቻ
BALE,ባሌ
BALECHA,ባልቻ
BALEHE,ባለህ
BANCHI,ባንቺ
BANCHIAYEHU,ባንቻየው
BANCHIGIZE,ባንቺግዜ
BANK,ባንክ
BANTE,ባንቴ
BANTYIZELEKU,ባንተይዝለኩ
BARAKI,ባራኪ
BASAZENEW,ባሳዝነው
BASSAYE,ባሳዬ
BATA,ባታ
BATI,ባቲ
BAYABIL,ባያብል
BAYAFERESE,ባያፈርስ
BAYE,ባዬ
BAYEH,ባየህ
BAYERU,ባይሩ
BAYIH,ባይህ
BAYISSA,ባዪሳ
BAYLEYEGN,ባይለየኝ
BAYNESE,ባይነሰ
BAYNESEGA,ባይነስጋ
BAYRU,ባይሩ
BAYSASIE,ባይሳሴ
BAYU,ባዩ
BAYULIGN,ባይሉኝ
BAZEZEW,ባዘዘው
BEDADA,በዳዳ
BEDANE,በዳኔ
BEDASO,በዳሶ
BEDILU,በድሉ
BEER,ቢራ
BEFEKADU,በፍቃዱ
BEFEKER,በፍቅር
BEFIREDU,በፍርዱ
BEGASHAW,በጋሻው
BEGULELE,በጉለሌ
BEGZIABHER,በእግዚአብሔር
BEHAGA,በሃጋ
BEHAILU,በሃይሉ
BEKALO,በካሎ
BEKALU,በቃሉ
BEKELE,በቀለ
BEKERI,በክሪ
BEKERU,በክሩ
BEKESHE,በከሼ
BEKLE,በቀለ
BEKRETSION,በክረጽዮን
BEKURE,በኩረ
BELA,በላ
BELACHEW,በላቸው
BELAY,በላይ
BELAYNEH,በላይነህ
BELAYNESH,በላይነሽ
BELEHU,በልሁ
BELETE,በለጠ
BELEW,በለው
BELHU,በልሁ
BELISTI,በልስቲ
BELIYU,በልዩ
BEMETEBABER,በመተባበር
BEMINET,በምነት
BENEBERU,በነበሩ
BER,ቢራ
BERDELEBESE,ብርድልብስ
BEREDED,በረደድ
BEREH,በረህ
BEREKET,በረከት
BERGA,በርጋ
BERHANE,ብርሀኔ
BERHE,በርሄ
BERIHA,በሪሃ
BERIHE,በርሄ
BERIHUN,በሪሁን
BERTUKAN,ብርቱካን
BERU,ብሩ
BERUT,ቤሩት
BESEMAHU,በሰማሁ
BESHA,በሻ
BESHADA,በሻዳ
BESHAH,በሻህ
BESHER,በሸር
BESHIR,በሺር
BESUFIKAD,በሱፍቃድ
BET,ቤት
BETEGBAR,በተግባር
BETEGEL,በትግል
BETEKRSTIAN,ቤተክርስቲያን
BETEL,ቤቴል
BETELHEM,ቤቴልሄም
BETENA,በጠና
BETEWELEGN,ቤተወንጌል
BETHELEHM,ቤቴልሄም
BETHELHEM,ቤቴልሄም
BETHLEHEM,ቤቴልሄም
BETHLEHM,ቤቴልሄም
BETOCH,ቤቶች
BEWNETU,በውነት
BEYAZEN,በያዝን
BEYAZIN,በያዝን
BEYENE,በየነ
BEZA,ቤዛ
BEZABEH,በዛብህ
BEZABEIH,በዛብህ
BEZABIH,በዛብህ
BEZARDE,በዛድሬ
BEZAWIT,ቤዛዊት
BEZE,በዜ
BIAZINE,ቢያዝን
BIDARA,ቢዳራ
BIHONEGN,ቢሆነኝ
BIKAT,ብቃት
BIMEREW,ብመረው
BINALFEW,ብናልፈው
BINIAM,ቢኒያም
BINIYAM,ቢኒያም
BINOR,ቢኖር
BIRARA,ቢራራ
BIRE,ብሬ
BIRESAW,ብረሳው
BIRET,ብረት
BIRETA,ቢረታ
BIRHAN,ብርሃን
BIRHANA,ብርሃን
BIRHANE,ብርሃኔ
BIRHANETSEGA,ብርሃኔጸጋ
BIRHANIE,ብርሃኔ
BIRHANU,ብርሃኑ
BIRKATENA,ብርቅጤና
BIRKIE,ብርቄ
BIRLE,ብርል
BIRTUKAN,ብርቱካን
BIRU,ብሩ
BIRUH,ብሩህ
BIRUK,ብሩክ
BIRUKETAYET,ብሩክታዊት
BIRUKTAWIT,ብሩክታዊት
BIRUTE,ብሩቴ
BISENEBET,በሰንበት
BISET,ቢሰጥ
BISETEGN,ቢሰጠኝ
BISHAW,ቢሻው
BISRAT,ብስራት
BITEW,ቢተው
BITWE,ቢተው
BIWETA,ቢወታ
BIWOTA,ቢወታ
BIYANE,ብያኔ
BIYAZEN,ብያዝን
BIZENU,ብዘኑ
BIZUALEM,ብዙአለም
BIZUAYEHU,ብዙአየሁ
BIZUHAN,ብዙሃን
BIZUNEH,ብዙነህ
BIZUWORK,ብዙወርቅ
BIZUYE,ብዙዬ
BLOCKED,ብሎክድ
BLOCKEDRADAR,ብሎክድራዳር
BLOCKEDTEKELEW,ብሎክድተከለው
BODA,ቦዳ
BOGALE,ቦጋለ
BOGALECH,ቦጋለች
BORDE,ቦርዴ
BORE,ቦሬ
BORENA,ቦረና
BORGA,ቦርጋ
BORKENA,ቦርከና
BORU,ቦሩ
BUDAYA,ቡዳያ
BUEHA,ቡሃ
BUILDING,ህንጻ
BULBULA,ቡልቡላ
BULCHA,ቡልቻ
BULIE,ቡሌ
BULOKET,ብሎኬት
BURAYU,ቡራዩ
BURGA,ቡርጋ
BURUSSA,ቡሩሳ
BUSHERA,ቡሽራ
BUSINESS,ንግድ
BUTA,ቡታ
BUTCHERY,ቡቸሪ
C.G.F,ሲ.ጂ.ኤፍ
CENTER,ማዕከል
CERTIFICATION,ስርተፊኬት
CHACHA,ጫጫ
CHAJE,ጫጄ
CHAKA,ጫቃ
CHALA,ጫላ
CHALACHEW,ጫሌው
CHAMESO,ጫሚሶ
CHANE,ጫኔ
CHECHEYEBELU,ቼቼበሉ
CHEKOL,ቸኩል
CHEKOLE,ቸኩል
CHERE,ቸሬ
CHERENET,ቸርነት
CHERIE,ቸሬ
CHERINET,ቸርነት
CHERKACHERK,ጨርቃጨርቅ
CHERKOSE,ጨርቆስ
CHERU,ቸሩ
CHESTER,ቸስተር
CHICHU,ችቹ
CHIROM,ችሮም
CHOCHATO,ቾቻቶ
CHOFERE,ጮፈረ
CHUFA,ጩፋ
CHURCH,ቸርች
CITY,ሲቲ
CO-OPERATIVE,ኮኦፕሬቲቭ
COLLEGE,ኮሌጅ
COMMERCE,ኮሜርስ
COMMERCIAL,ኮሜርሺያል
COMPANY,ካምፓኒ
CONSTR.,ኮንስትራክሽን
CONSTRUCTION,ኮንስትራክሽን
CONTRACTOR,ኮንትራክተር
COO.,ኮፕሬቲቭ
COOP.,ኮፕሬቲቭ
COOPERATIVE,ኮፕሬቲቭ
COOPERATVE,ኮፕሬቲቭ
COR.,ኮርፖሬት
CORPORET,ኮርፖሬት
CREDIT,ክሬዲት
D/MAWI,ዳግማዊ
D/R,ዶክተር
D/TSION,ደብረጽዮን
DAGEN,ዳግን
DAGIM,ዳግም
DAGIMAWI,ዳግማዊ
DAGNACHEW,ዳኛቸው
DAGNE,ዳኜ
DAGNENET,ዳኝነት
DAGNET,ደግነት
DAGNEW,ደግነው
DAGWANA,ደግዋና
DAMITE,ዳምጤ
DAMITEW,ዳምጠው
DAMITIE,ዳምጥዬ
DAMO,ዳሞ
DAMOT,ዳሞት
DAMTEW,ዳምጠው
DAMTIE,ዳምጥዬ
DANA,ዳና
DANDI,ዳንዲ
DANEAL,ዳንኤል
DANIEL,ዳንኤል
DARDAR,ዳርዳር
DAREMYELESH,ዳርምየለሽ
DARGE,ዳርጌ
DAWED,ዳውድ
DAWIT,ዳዊት
DEBALKE,ደባልቄ
DEBARK,ደባርቅ
DEBARKE,ደባርቄ
DEBASU,ደባሱ
DEBAY,ደባይ
DEBEBE,ደበበ
DEBEBECH,ደበበች
DEBELA,ደበላ
DEBELE,ደበሌ
DEBERU,ደብሩ
DEBESAY,ደበሳይ
DEBREBERHAN,ደብረብርሀን
DEBREELIAS,ደብረኤሊያስ
DEBREMARKOS,ደብረማርቆስ
DEBRETABOUR,ደብረታቦር
DEBREWORK,ደብረወርቅ
DEBRU,ደብሩ
DEBUB,ደቡብ
DECHASSA,ደቻሳ
DEDIBO,ደድቦ
DEFERESHA,ደፈርሻ
DEGA,ድጋ
DEGAGA,ድጋጋ
DEGE,ደጌ
DEGEFAW,ደግፈው
DEGEFU,ደገፉ
DEGENETIE,ደግነቴ
DEGENETU,ደግነቱ
DEGIFE,ደግፌ
DEGPULSE,ደግፐልስ
DEGU,ደጉ
DEJEN,ደጀን
DEJENE,ደጀኔ
DEJYETENU,ደጅይጠኑ
DEKIMIT,ደክምት
DELAMO,ዴላሞ
DELBO,ደልቦ
DELELE,ደለለ
DELELEGN,ደለለኝ
DELEM,ደለም
DELIE,ድሌ
DELINA,ደሊና
DELKERO,ዴልኬሮ
DEMA,ደማ
DEMBAW,ደምባው
DEME,ደሜ
DEMEKE,ደመቀ
DEMEL,ደመል
DEMELASH,ደመላሽ
DEMELEW,ደምለው
DEMESSE,ደምሴ
DEMILEW,ደምለው
DEMIS,ደምስ
DEMISE,ደምሴ
DEMISEW,ደምሰው
DEMISSE,ደምሴ
DEMISSEI,ደምሴ
DEMISSEW,ደምሰው
DEMISSIE,ደምሴ
DEMOZ,ደሞዝ
DEMSE,ደምሴ
DEMSIE,ደምሴ
DEMSSIE,ደምሴ
DENBERU,ድንበሩ
DENDER,ደንደር
DENEGAY,ድንጋይ
DENEKE,ደነቀ
DENEKEW,ደነቀው
DENSA,ዴንሳ
DERASH,ደራሽ
DERBE,ደርቤ
DEREBEW,ደርበው
DEREJE,ደረጀ
DEREJET,ደረጂት
DEREKE,ደረቀ
DERESSE,ደረሰ
DERESU,ድረሱ
DERIB,ደርብ
DERSEH,ደርሰህ
DERZA,ደርዛ
DES,ደስ
DESALEGN,ደስአለኝ
DESALEGNE,ደስአለኝ
DESALEW,ደስአለው
DESE,ደሴ
DESIGN,ዲዛይን
DESSALEGN,ደስአለኝ
DESSALEW,ደስአለው
DESSE,ደሴ
DESSIE,ደሴ
DESTA,ደስታ
DEV.,ደቭሎፕመንት
DEVELOPMENT,ደቭሎፕመንት
DEWO,ደዎ
DIBA,ዲባ
DIBABA,ዲባባ
DIBABE,ዲባቤ
DIBO,ዲቦ
DIFER,ድፈር
DIGUMA,ድጉማ
DIKITE,ዲኬቲ
DIL,ድል
DILARGACHEW,ድልአርጋቸው
DILNESSA,ድልነሳ
DINBERE,ድንበር
DINBERU,ድንበሩ
DINGAY,ድንጋይ
DINKENESH,ድንቅነሽ
DINKINESH,ድንቅነሽ
DINKU,ድንቁ
DIOCESE,ዳኦሰስ
DIRAR,ድራር
DIRESILIGN,ድረስልኝ
DIRIBA,ድሪባ
DISSASA,ዲሳሳ
DODE,ዶዴ
DOLLA,ዶላ
DONBA,ዶንባ
DORI,ዶሪ
DR.,ዶክተር
DR.AMARE,ዶክተር አማረ
DR.BAZEZEW,ዶክተር በዛብህ
DR.EYAYU,ዶክተር እያዩ
DR.FISEHA,ዶክተር ፍሰሃ
DR.GETASEW,ዶክተር ጌታሰው
DR.KIBRETE,ዶክተር ክብረት
DR.MESFIN,ዶክተር መሰፍን
DR.SHUMI,ዶክተር ሹሚ
DR.TEMESGEN,ዶክተር ተመስገን
DRINKS,ድሪንክስ
DUBALE,ዱባለ
DUGEDA,ዱግዳ
DUGUMA,ዱጉማ
DUKEM,ዱከም
DURE,ዱሬ
EBNAT,እብናት
EDEA,ኤዲያ
EDELEM,እድላም
EDEMARIAM,እደማርያም
EDER,እድር
EDIGET,እድገት
EDIHE,እድሄ
EDIR,እድር
EDIRE,እድሬ
EDOSSA,ኤዶሳ
EFRATA,ኤፍራታ
EGERSSA,ኤጀርሳ
EHITMAMACHOCH,እህትማማቾች
EJEGU,እጅጉ
EJERESA,ኤጀርሳ
EJETA,ኤጀታ
EJIGAYEHU,እጅጋየሁ
EJIGU,እጅጉ
EKABDI,እካብዲ
EKRAN,ኤክራን
EKUBAY,እቁባይ
EKUBEMICHAEL,እቁበሚካኤል
ELBETHEL,ኤልቤቴል
ELECTRIC,ኤሌክትሪክ
ELELETA,እልልታ
ELEMENETARY,ኤሌሜንተሪ
ELENI,እሌኒ
ELIAS,ኤሊያስ
ELILO,እልሎ
ELSA,ኤልሳ
ELSABET,ኤልሳቤት
ELSABETH,ኤልሳቤት
EMAWA,እማዋ
EMBAYE,እምባዬ
EMEBET,እመቤት
EMEGA,እመጋ
EMEP,እመፕ
EMERAN,ኤምራን
EMERU,እምሩ
EMIRE,እምሬ
EMIRU,እምሩ
EMPLOYEES,ኢምፕሎዪስ
EMPLOYYES,ኢምፕሎዪስ
ENA,እና
ENANU,እናኑ
ENATALEM,እናትአለም
ENDALE,እንዳለ
ENDALEKACHEW,እንዳልካቸው
ENDALEMAW,እንዳለማው
ENDALEW,እንዳለው
ENDALKACHEW,እንዳልካቸው
ENDASHAW,እንደሻው
ENDAWEKECH,እንዳወቀች
ENDEMARIAM,እንደማርያም
ENDERES,እንድሪስ
ENDERIS,እንድሪስ
ENDESHAW,እንደሻው
ENE,እኔ
ENEGEDA,እንግዳ
ENEGEDAW,እንግዳው
ENESEWECH,እንስወች
ENEYEW,እንየው
ENGEDAWORK,እንግዳወርቅ
ENGEENERING,ኢንጅነሪንግ
ENGIDA,እንግዳ
ENGIDAW,እንግዳው
ENGINEER,ኢንጅነር
ENGINEERING,ኢንጅነሪንግ
ENJERA,እንጀራ
ENTASHET,እንታሸት
ENTERPRISE,ኢንተርፕራይዝ
ENYEW,እንየው
EPHREM,ኤፍሬም
EQUATOR,ኢኩአተር
ERAKIYA,ኢራኪያ
ERDAW,እርዳው
ERGETE,እርገጥ
ERGETIE,እርገጤ
ERIKE,እርኬ
ERIKUM,እሪኩም
ERKE,እርኬ
ERMIAS,ኤርሚያስ
ERPOYE,ኤርፖዬ
ESAT,ኢሳት
ESAYAS,ኢሳያስ
ESHETE,እሸቴ
ESHETIE,እሸቴ
ESHETU,እሸቱ
ESKEDAR,እስከዳር
ESKINDER,እስክንድር
ESKINDIR,እስክንድር
ESSA,ኤሳ
ESSEYE,እሰይ
ESSIE,እሴ
ESTATE,እስቴት
ESTEZEYA,እስተዚያ
ESTIFANOS,እስቲፋኖስ
ESUBALEW,እሱባለው
ETAFERAHU,እታፈራው
ETAGEGN,እታገኝ
ETENESH,እቴነሽ
ETETU,እቴቱ
ETH.,ኢትዮጵያ
ETHIOPIA,ኢትዮጵያ
ETHIOPIAN,ኢትዮጵያን
ETICHA,ኢቲቻ
EVANGLICAL,ኢቫንጄሊካል
EWAYE,እዋዬ
EWENETE,እውነት
EWENETU,እውነቱ
EWENETU/,እውነቱ/
EWNETE,እውነቴ
EWNETU,እውነቱ
EWUNETE,እውነቴ
EXPORT,ኤክስፖርት
EYASU,እያሱ
EYAYA,እያያ
EYAYU,እያዩ
EYERUSALEM,እየሩሳሌም
EYESUS,እየሱስ
EYOB,እዮብ
EYUEL,እዩኤል
EZANA,ኢዛና
EZERA,እዝራ
EZGENAMON,እዝገናሞን
FACTORY,ፋክተሪ
FANA,ፋና
FANOTE,ፋኖቴ
FANTA,ፋንታ
FANTAHUN,ፋንታሁን
FANTANESH,ፋንታነሽ
FANTAYE,ፋንታዬ
FANTU,ፋንቱ
FAREMERS,ፋርመርስ
FARMAERS,ፋርመርስ
FARMARS,ፋርመርስ
FARMERS,ፋርመርስ
FASIKA,ፋሲካ
FASIL,ፋሲል
FASILEDES,ፋሲለደስ
FATIGU,ፋቲጉ
FATUMA,ፋጡማ
FEDLU,ፈድሉ
FEGEGETA,ፈገግታ
FEKAD,ፍቃድ
FEKADE,ፍቃዴ
FEKADESILASSIE,ፍቃደስላሴ
FEKADU,ፍቃዱ
FEKEDE,ፈቀደ
FEKERTE,ፍቅርተ
FELEGE,ፈለገ
FELEKE,ፈለቀ
FELEKECH,ፈለቀች
FENDEKA,ፈንድቃ
FENETESELAM,ፍኖተሰላም
FENTA,ፈንታ
FENTABILE,ፈንታብል
FENTAHUN,ፈንታሁን
FENTAW,ፈንታው
FENTE,ፈንቴ
FEREDE,ፈረደ
FERENJI,ፈረንጂ
FERESEW,ፍሬሰው
FERESSA,ፍሬሳ
FERESWAGA,ፍሬሰውአጋ
FERTI,ፈርቲ
FESEHA,ፍስሃ
FETAHI,ፈታሂ
FETENE,ፈጠነ
FETENU,ፈጠኑ
FEVEN,ፌቨን
FEYE,ፈዬ
FIKADE,ፍቃዴ
FIKADU,ፍቃዱ
FIKER,ፍቅር
FIKIR,ፍቅር
FIKIRE,ፍቅሬ
FIKIRTE,ፍቅርተ
FIKIRU,ፍቅሩ
FIKRE,ፍቅሬ
FIKREMARIAM,ፍቅረማርያም
FIKRESELAM,ፍቅረስላሴ
FIKRU,ፍቅሩ
FILIPOS,ፊሊጶስ
FILSETA,ፍልሰታ
FIREHIWOT,ፍሬህይወት
FIREW,ፍሬው
FIREWOINI,ፍሬወይኒ
FIREWOYNI,ፍሬወይኒ
FIREZER,ፍሬዘር
FIRHO,ፊርሆ
FISASH,ፍስሃ
FISEHA,ፍስሃ
FISEHATSION,ፍስሃፂዮን
FISEHAYE,ፍስሃዬ
FISHA,ፍስሃ
FISSEHA,ፍስሃ
FISSEHATSION,ፍስሃፂዮን
FITHAMLAK,ፍስሃአምላክ
FITSUM,ፍጹም
FITWI,ፍትዊ
FOGE,ፎጌ
FONZE,ፎንዜ
FOR,ፎር
FOZEYA,ፎዝያ
FREHIWOT,ፍሬህይወት
FREIND'S,ጓደኛሞች
FRESEW,ፍሬሰው
FUAFUATE,ፏፏቴ
G.S,ጂ.ኤስ
G/AMLAK,ገ/አምላክ
G/EGIZABHER,ገ/እግዚአብሔር
G/EGZIABHARE,ገ/እግዚአብሔር
G/EGZIABHER,ገ/እግዚአብሔር
G/EYESUS,ገ/ኢየሱስ
G/EZEGIABHER,ገ/እግዚአብሔር
G/HAWARIAT,ገ/ሐዋርያት
G/HIWOT,ገ/ህይወት
G/KIDAN,ገ/ኪዳን
G/LIBANOS,ገ/ሊባኖስ
G/LUEL,ገ/ልዑል
G/MARIAM,ገ/ማርያም
G/MARIYAM,ገ/ማርያም
G/MEDHIN,ገ/መድህን
G/MEDIHEN,ገ/መድህን
G/MESKEL,ገ/መስቀል
G/MICHAEL,ገ/ሚካኤል
G/NEGUS,ገ/ንጉስ
G/SILASIE,ገ/ሥላሴ
G/SILASSIE,ገ/ሥላሴ
G/TSADIK,ገ/ጻዲቅ
G/TSADIKCAP.,ገ/ጻዲቅ ካፒ.
G/YESUS,ገ/ኢየሱስ
G/YOHANNES,ገ/ዮሃንስ
GADISSA,ጋዲሳ
GAGAREWOCH,ጋጋሪዎች
GALU,ጋሉ
GAMA,ጋማ
GAMBI,ጋምቢ
GAMEWORK,ጋሜወርቅ
GANA,ጋና
GAR,ጋር
GAREDEW,ጋረደው
GARI,ጋሪ
GASHAW,ጋሻው
GASHAWBEZA,ጋሻውበዛ
GASHAYE,ጋሻዬ
GASHU,ጋሹ
GAYEM,ጋየም
GAYENET,ጋይነት
GAZ,ጋዝ
GAZU,ጋዙ
GBIREMESKEL,ገ/መስቀም
GBRESILASSIE,ገ/ሥላሴ
GEBE,ገቤ
GEBEGZIAMROT,ገበግዚአምሮት
GEBERE,ገበሬ
GEBEREMESKEL,ገ/መስቀል
GEBERU,ገብሩ
GEBETA,ገበታ
GEBEYA,ገበያ
GEBEYANESH,ገበያነሽ
GEBEYAW,ገበያው
GEBEYEHU,ገበየሁ
GEBIREGIORGIS,ገ/ጊዮርጊስ
GEBIREGZI,ገ/እግዚ
GEBIREKIDAN,ገ/ኪዳን
GEBIREMARIAM,ገ/ማርያም
GEBIRU,ገብሩ
GEBRAY,ገብራይ
GEBRE,ገብሬ
GEBREA,ገብሬ
GEBREAL,ገብርኤል
GEBREAMLAK,ገ/አምላክ
GEBREEGIZABHER,ገ/እግዚአብሔር
GEBREEGIZAHBEHER,ገ/እግዚአብሔር
GEBREEGZIABEHER,ገ/እግዚአብሔር
GEBREEZIZHABHER,ገ/እግዚአብሔር
GEBREGIORGIS,ገ/ጊዮርጊስ
GEBREGIZAHBEHER,ገ/እግዚአብሔር
GEBREGZI,ገ/እግዚ
GEBREHANA,ገ/ሃና
GEBREHANES,ገብረሃነስ
GEBREHAWARIAT,ገ/ሃዋርያት
GEBREHIWOT,ገ/ህይወት
GEBREKIDAN,ገ/ኪዳን
GEBREKIRSTOS,ገ/ክርስቶስ
GEBRELEBANOS,ገ/ሊባኖስ
GEBRELEOUL,ገ/ልዑል
GEBRELIBANOS,ገ/ሊባኖስ
GEBRELUA,ገብረሏ
GEBRELUEL,ገ/ልዑል
GEBREMARAM,ገ/ማርያም
GEBREMARIAM,ገ/ማርያም
GEBREMEDEHIN,ገ/መድህን
GEBREMEDHIN,ገ/መድህን
GEBREMEDIHEN,ገ/መድህን
GEBREMEDIN,ገ/መድህን
GEBREMESKEL,ገ/መስቀል
GEBREMICHAEL,ገ/ሚካኤል
GEBRESELASSIE,ገ/ሥላሴ
GEBRETENSAY,ገ/ትንሳይ
GEBRETSADIK,ገ/ጻዲቅ
GEBREYES,ገ/የስ
GEBREYESSUS,ገ/የሱስ
GEBREYESUS,ገ/የሱስ
GEBREYOHANNES,ገ/ዮሃንስ
GEBREZGI,ገ/እግዚ
GEBRIE,ገብርዬ
GEBRTSADIK,ገ/ጻዲቅ
GEBRU,ገብሩ
GEDAMNESH,ገዳምነሽ
GEDAMU,ገዳሙ
GEDEBE,ገደመ
GEDEFAW,ገደፋው
GEDILE,ገድለ
GELAGAY,ገላጋይ
GELAN,ገላን
GELAW,ገላው
GELAYE,ገላዬ
GELE,ገላ
GELETA,ገለታ
GELILA,ገሊላ
GEMEDA,ገመዳ
GENANAW,ገናናው
GENANEW,ገናናው
GENERAL,ጀነራል
GENET,ገነት
GENETU,ገነቱ
GERAGER,ገራገር
GERBI,ገርቢ
GEREM,ገረም
GEREMEW,ገረመው
GERENSAE,ገረንሳኤ
GERERO,ገረሮ
GERESI,ገረሲ
GESESE,ገረሰ
GESIT,ገስጥ
GESSESE,ገሰሰ
GESSESSE,ገሰሰ
GETA,ጌታ
GETACHEW,ጌታቸው
GETAHUN,ጌታሁን
GETANEH,ጌታነህ
GETASEW,ጌታሰው
GETAW,ጌታው
GETAWORK,ጌታወርቅ
GETAYENEH,ጌታየነህ
GETE,ጌጤ
GETENESH,ጌጤነሽ
GETENET,ጌትነት
GETIYE,ጌትዬ
GETNET,ጌትነት
GETU,ጌቱ
GEZAHAGN,ገዛኸኝ
GEZAHEGN,ገዛኸኝ
GEZAI,ገዛይ
GEZIMU,ገዝሙ
GEZU,ገዙ
GHION,ጊዮን
GIBEHAT,ግብሃት
GIBEYET,ግብይት
GIBISA,ጊቢሳ
GIDADA,ጊዳዳ
GIDAY,ግዳይ
GIDEY,ግደይ
GILAZEGI,ጊላዘጊ
GIMA,ጊማ
GIRAGN,ግራኝ
GIRMA,ግርማ
GIRMACHEW,ግርማቸው
GIRMAY,ግርማይ
GIRMAYE,ግርማዬ
GIRUM,ግሩም
GIZACHEW,ግዛቸው
GIZAW,ግዛው
GIZE,ጊዜ
GIZEW,ጊዜው
GOBAW,ጎባው
GOBENA,ጎበና
GOBEZEMARIAM,ጎበማርያም
GOBIYE,ጎብዬ
GODANA,ጎዳና
GOH,ጎህ
GOJJAM,ጎጃም
GOLLA,ጎላ
GONDER,ጎንደር
GORAYE,ጎራዬ
GORBE,ጎርቤ
GOSHE,ጎሼ
GOSHU,ጎሹ
GOTE,ጎቴ
GOYTOM,ጎይቶም
GOZAMIN,ጎዛምን
GROUP,ግሩፕ
GUADE,ጓዴ
GUANGUEL,ጓንጉል
GUANGUL,ጓንጉል
GUAY,ጓይ
GUBAE,ጉባኤ
GUBENA,ጉበና
GUDA,ጉዳ
GUDE,ጉዴ
GUDEGNAMOCH,ጓደኛሞች
GUESH,ጎሽ
GULEM,ጉለም
GULET,ጉለት
GULILAT,ጉልላት
GULULAT,ጉልላት
GURUMU,ጉርሙ
GUTA,ጉታ
GUTEMA,ጉተማ
GUYE,ጉዬ
H/EYESUS,ኃ/ኢየሱስ
H/GEBREAL,ኃ/ገብርኤል
H/GEBREL,ኃ/ገብርኤል
H/GEBRIAL,ኃ/ገብርኤል
H/GIORGIS,ኃ/ጊዮርጊስ
H/MARIAM,ኃ/ማርያም
H/MICHAEL,ኃ/ሚካኤል
H/SELASIE,ኃ/ሥላሴ
H/SELASIEREDIET,ኃ/ሥላሴ ረድኤት
H/SILASSIE,ኃ/ሥላሴ
H/Y/H/S,ኤች/ዋይ/ኤች/ኤስ
HABETU,ሀብቱ
HABITU,ሀብቱ
HABLE,ሀብል
HABTAMU,ሀብታሙ
HABTE,ሀብቴ
HABTEGABER,ሀብተጋብር
HABTEGIORGIS,ሀብተጊዮርጊስ
HABTEMARIAM,ሀብተማርያም
HABTEWOLD,ሀብተወልድ
HABTEYES,ሀብተየስ
HABTU,ሀብቱ
HADEGU,ሀደጉ
HADGEMBES,ሀድገምበስ
HADGO,ሀድጎ
HADGU,ሀድጉ
HADUSH,ሀዱሽ
HAFETU,ሀፌቱ
HAFTOM,ሀፍቶም
HAFTU,ሀፍቱ
HAGOS,ሀጎስ
HAGOSATSEDE,ሀጎስ አጸደ
HAIK,ሀይቅ
HAILAY,ሀይለይ
HAILE,ሀይሌ
HAILEGEBREAL,ኃ/ገብርኤል
HAILEGEBRIEL,ኃ/ገብርኤል
HAILEGIORGIS,ኃ/ጊዮርጊስ
HAILEKIROS,ኃ/ኪሮስ
HAILEMARIAM,ኃ/ማርያም
HAILEMELEKOT,ኃ/መለኮት
HAILEMESKEL,ኃ/መስቀል
HAILEMICHAEL,ኃ/ሚካኤል
HAILESELASSIE,ኃ/ሥላሴ
HAILESILASSIE,ኃ/ሥላሴ
HAILEYESUS,ኃ/የሱስ
HAILMARIAM,ኃ/ማርያም
HAILU,ኃይሉ
HAIMANOT,ሃይማኖት
HAIYMANOT,ሃይማኖት
HAJI,ሃጂ
HALEFOM,ሀለፎም
HAMELMAL,ሀመልማል
HAMERE,ሀመረ
HAMEZA,ሀምዛ
HAMID,ሀሚድ
HANA,ሀና
HANAMARIAM,ሀና ማርያም
HANNA,ሀና
HARAGEWOIN,ሀረገወይን
HAREGEWOIN,ሀረገወይን
HAREGNESH,ሀረግነሽ
HAREGU,ሀረጉ
HARER,ሐረር
HASSEN,ሀሰን
HAWELTI,ሀወልቲ
HAYELOM,ሀለዮም
HAYILEMARIAM,ኃ/ማርያም
HAYIMANOT,ሀይማኖት
HAYMANOT,ሀይማኖት
HEALTH,ሄልዝ
HELATH,ሄልዝ
HELEN,ሄለን
HELINA,ህሊና
HEMACHO,ሄማቾ
HEMEN,ሄመን
HENKEB,ሄንከብ
HENOCK,ሄኖክ
HENOK,ሄኖክ
HERMELA,ሄርሜላ
HEWAN,ሄዋን
HEYESO,ሄየሶ
HIBERE,ህብር
HIBERET,ህብረት
HIBISTU,ህብስቱ
HIBRET,ህብረት
HIBRITU,ህብረቱ
HIDER,ህደር
HILAWI,ህላዊ
HILUF,ህሉፍ
HIRUEY,ህሩይ
HIRUT,ሂሩት
HITSAN,ህጻን
HIVE,ሃይቭ
HIWOT,ህይወት
HLINA,ህሊና
HOHIYAT,ሆሂያት
HOSPITAL,ሆስፒታል
HOTE,ሆቴ
HOTEL,ሆቴል
HOTESA,ሆተሳ
HULEGEB,ሁለገብ
HULEGEM,ሁለገም
HULUAGERESH,ሁሉአገርሽ
HULUGEB,ሁለገብ
HULUKA,ሁሉቃ
HUNDE,ሁንዳ
HUNEGNAW,ሁነኛው
HUSSEIN,ሁሴን
HUSSEN,ሁሴን
HUSSIEN,ሁሴን
IBRAHIM,ኢብራሂም
IMPORT,ኢምፖርት
INDUSTRIAL,ኢንዱስትሪያል
INDUSTRY,ኢንዱስትሪ
INSPECTION,ኢንስፔክሽን
INSURANCE,ኢንሹራንስ
INTERNATIONAL,ኢንተርናሽናል
INVESTMENT,ኢንቨስትመንት
IRANBUTI,ኢራንቡቲ
ISAAC,ይስሃቅ
JAKAHAMER,ጃካሃመር
JANKA,ጃንካ
JATE,ጃቴ
JEMANEH,ጀማነህ
JEMBER,ጀምበር
JEMBERE,ጀምበሬ
JEMEBERE,ጀምበሬ
JEMERA,ጀመራ
JENBERE,ጀምበሬ
JENBERU,ጀምበሩ
JENEJEN,ጀንጀን
JORGE,ጆርጅ
JOVANI,ጆቫኒ
JUFAR,ጁፋር
KABISO,ካቢሶ
KABTIMER,ካብትይመር
KAHESAY,ካህሳይ
KAHESSAY,ካህሳይ
KAHESSAYE,ካህሳዬ
KAHISAY,ካህሳይ
KAKI,ካኪ
KALAYU,ካልዩ
KALEB,ካሌብ
KALO,ካሎ
KALU,ካሉ
KARA,ካራ
KASAHUN,ካሳሁን
KASECH,ካሰች
KASIE,ካስዬ
KASSA,ካሳ
KASSAHUN,ካሳሁን
KASSAW,ካሳው
KASSAYE,ካሳዬ
KASSEGN,ካሰኝ
KASSEI,ካሴ
KASSIE,ካሴ
KASSU,ካሱ
KEBE,ከቤ
KEBEB,ከበበ
KEBEBUSH,ከበቡሽ
KEBEDE,ከበደ
KEBEDEW,ከበደው
KEBELE,ቀበሌ
KEBERE,ከበረ
KEBLE,ቀበሌ
KECHEMA,ቀጨማ
KEFALE,ከፋለ
KEFAYNESH,ከፋይነሽ
KEFELAGNE,ከፈለኝ
KEFELE,ከፈለ
KEFENI,ከፈኒ
KEFETEW,ከፈተው
KEFEYALEW,ከፍያለው
KEFLE,ክፍሌ
KEFYALEW,ከፍያለው
KELEME,ቀለመ
KELEMEWORK,ቀለመወርቅ
KELEMUA,ቀለሟ
KELEMWORK,ቀለመወርቅ
KELETU,ቀለጡ
KELIL,ከሊል
KELILE,ከሊል
KELKAY,ከልካይ
KEMAL,ከማል
KEMISSIE,ከሚሴ
KENAW,ቀናው
KENENE,ቀነነ
KEREA,ቄራ
KEREALEM,ቄራለም
KEREBIH,ቀረብህ
KES,ቄስ
KESEM,ከሰም
KETELE,ቀጠለ
KETEMA,ከተማ
KETEME,ከተመ
KETSELA,ቀጸላ
KIBATU,ቅባቱ
KIBEBEW,ክበበው
KIBERET,ክብረት
KIBERON,ክብሮን
KIBIROM,ክብሮም
KIBREAB,ክብረአብ
KIBRET,ክብረት
KIBROM,ክብሮም
KIDANE,ኪዳኔ
KIDANEMARIAM,ኪዳነማርያም
KIDANEMIHIRET,ኪዳነምህረት
KIDANU,ኪዳኑ
KIDEST,ቅድስት
KIDIST,ቅድስት
KIDU,ኪዱ
KIFEL,ክፈል
KIFELE,ክፈል
KIFELEW,ክፈለው
KIFLE,ክፍሌ
KIFLEYOHANNES,ክፍሌ ዮሐንስ
KIFLU,ክፍሉ
KIMER,ክምር
KINDE,ክንዴ
KINDEYA,ክንዳዬ
KINDU,ክንዱ
KINE,ቅኔ
KINFE,ክንፈ
KINFEMICHAEL,ክንፈሚካኤል
KIROS,ኪሮስ
KIRSETOS,ክርስቶስ
KIRSTIAN,ክርስቲያን
KIRUBEL,ኪሩቤል
KITAW,ቅጣው
KK,ኬኬ
KOBEL,ኮብል
KOBO,ቆቦ
KOKEB,ኮከብ
KOKEBE,ኮከቤ
KOKIT,ኮኪት
KOLELE,ቀለለ
KOLFE,ኮልፌ
KOMBOLCHA,ኮምቦልቻ
KOMBOLECHA,ኮምቦልቻ
KONE,ኮነ
KONGA,ኮኛ
KONJIT,ቆንጂት
KORA,ኮራ
KORANI,ቆራኒ
KORE,ቆሬ
KORSE,ቆርሴ
KOYRA,ኮይራ
KUARET,ኳረት
KUCHENA,ኩቸና
KUEY,ቆይ
KUL,ኩል
KUMELA,ኩመላ
KUMELACHEW,ቁምላቸው
KURABACHEW,ኩራባቸው
KUSSA,ኩሳ
KUSSAYE,ኩሳ
L/C,ኤል/ሲ
LAIKE,ላዕከ
LAKECH,ላቀች
LAKEW,ላቀው
LALIBELA,ላሊበላ
LASHET,ላሸት
LASTA,ላስታ
LAWUGAW,ላውጋለት
LAY,ላይ
LAYEGENE,ላይገኔ
LAYEKE,ላዕከ
LAYIH,ላይህ
LAYKE,ላዕከ
LEALEM,ለአለም
LEATHER,ሌዘር
LEBANOS,ሊባኖስ
LECHU,ለቹ
LEGASSE,ለገሰ
LEGESE,ለገሰ
LEGESSE,ለገሰ
LEJALEM,ልጃለም
LEMA,ለማ
LEMAT,ልማት
LEMENE,ለመነ
LEMENEH,ልመንህ
LEMLEM,ለምለም
LEMMA,ለማ
LESEW,ለሰው
LETA,ለታ
LETAY,ልታይ
LEUL,ልኡል
LEYEKUN,ለይኩን
LEYEW,ልየው
LEYUWORK,ልዩወርቅ
LIBEN,ሊበን
LIDET,ልደት
LIDIYA,ሊዲያ
LIJOCHU,ልጆቹ
LILIWE,ልልዌ
LIMAT,ልማት
LIMENEH,ልመንህ
LIMETED,ሊሚትድ
LIMITED,ሊሚትድ
LIMTED,ሊሚትድ
LISAN,ልሳን
LISHAN,ሊሻን
LIYA,ሊያ
LIYEW,ልየው
LIYON,ላዮን
LOBE,ሎቤ
LTD,ኤልቲዲ
LUEL,ልኡል
LUELISEGED,ልኡልሰገድ
LUKAS,ሉካስ
LULE,ሉሌ
LULSEGED,ልኡልሰገድ
LULU,ሉሉ
MABERAT,መብራት
MADEBO,ማዲቦ
MAEKEL,ማእከል
MAESH,ማዔሽ
MAEZENE,ማእዘን
MAHABER,ማህበር
MAHBER,ማህበር
MAHBERAT,ማህበራት
MAHBERE,ማህበር
MAHEBER,ማህበር
MAHEBERAT,ማህበራት
MAHEBERE,ማህበር
MAHEDER,ማህደር
MAHEKELAWI,ማእከላዊ
MAHIBER,ማህበር
MAHLET,ማህሌት
MAKENEYESUS,መካነየሱስ
MALEDE,ማለደ
MAMAT,ማማት
MAME,ማሜ
MAMERO,ማምሮ
MAMO,ማሞ
MAMUSH,ማሙሽ
MAMUYE,ማሙዬ
MAN,ማን
MANAGIDEW,ማንአገደው
MANAMINO,ማንአምኖ
MANAYE,ማናዬ
MANCIPALITY,ማኒሲፓሊቲ
MANDEFRO,ማንደፍሮ
MANEAHILOT,ማንአህሎት
MANEGER,ማነግር
MANGUDAY,ማንጉዳይ
MANGUDO,ማንጉዶ
MANTEGEBOSH,ማንተግቦሽ
MANUCIPALITY,ማኒሲፓሊቲ
MARAGEYAW,ማረጊያዉ
MARAKI,ማራኪ
MARAMAWIT,ማራማዊት
MARE,ማሬ
MAREW,ማረው
MAREYE,ማርዬ
MARIAM,ማሪያም
MARIYE,ማርዬ
MARKOS,ማርኮስ
MARRY,ሜሪ
MARTHA,ማርታ
MARU,ማሩ
MASEBO,ማሴቦ
MASHELAYE,ማሽላዬ
MASRESHA,ማስረሻ
MASRUTENA,ማስሩተና
MASTEWAL,ማስተዋል
MATEBU,ማተቡ
MATERIAL,ማቴሪያል
MAZEGAJA,መዘጋጃ
MAZENGEYA,ማዘንጊያ
MAZENGIA,ማዘንጊያ
MEAT,ሚት
MEAZA,መአዛ
MEBIRATU,መብራቱ
MEBRAHETU,መብራቱ
MEBRAHITOM,መብራህቶም
MEBRAT,መብራት
MEBRATE,መብራቴ
MEBRATU,መብራቱ
MECHAL,መቻል
MECHE,መቼ
MEDHANIT,መድሃኒት
MEDHIN,መድህን
MEDINA,መዲና
MEDLO,መድሎ
MEGENAGENA,መገናኛ
MEGENAGNA,መገናኛ
MEHAMEDNUR,መሃመድኑር
MEHARI,መሃሪ
MEHIRET,ምህረት
MEKANESELAM,መካነሰላም
MEKDES,መክደስ
MEKEBIB,መክብብ
MEKER,ምክር
MEKETE,መከተ
MEKIBEBE,መክብብ
MEKIDES,መክደስ
MEKLITEWORK,መክሊትወርቅ
MEKONEN,መኮንን
MEKONIN,መኮንን
MEKONNEN,መኮንን
MEKOYA,መቆያ
MEKUANENET,መኩአንንት
MEKUANENT,መኩአንንት
MEKUANINT,መኩአንንት
MEKURIA,መኩሪያ
MEKURIAW,መኩሪያው
MEKURIYA,መኩሪያ
MELAKU,መላኩ
MELAT,ሜላት
MELEHEKET,መልእክት
MELES,መለስ
MELESE,መለሰ
MELESSE,መለሰ
MELEY,መለይ
MELIKA,መሊካ
MELKAM,መልካም
MELKAMEI,መልካሜ
MELKAMU,መልካሙ
MELKE,መልኬ
MELKIE,መልኬ
MELKU,መልኩ
MELOS,ሜሎስ
MELSSIE,መለሴ
MELTI,መልቲ
MEMEHERANE,መምህራኔ
MEMEHERU,መምህሩ
MEMERANE,መምህራኔ
MEMIHERANENA,መምህራንና
MENALE,ምናለ
MENBERE,መንበረ
MENBERU,መንበሩ
MENEGEST,መንግስት
MENEGESTE,መንግስቴ
MENEGESTIE,መንግስቴ
MENEGESTU,መንግስቱ
MENEGISTIE,መንግስቴ
MENEGISTU,መንግስቱ
MENEKER,መንክር
MENENE,መነነ
MENEWEYELET,ምንወየለት
MENEZ,ምንዝ
MENGE,መንጌ
MENGESHA,መንገሻ
MENGESTE,መንግስቴ
MENGESTIE,መንግስቴ
MENGESTU,መንግስቱ
MENGISTE,መንግስቴ
MENGISTU,መንግስቱ
MENGSTU,መንግስቱ
MENKER,መንክር
MENKORERE,መንቆረር
MENWYELET,ምንወየለት
MENZARAHU,ምንዘራሁ
MEQUANENT,መኩአንንት
MERAHI,መራሂ
MEREAWI,መርአዊ
MEREDAJA,መረዳጃ
MEREMA,መሪማ
MERENI,መረኒ
MERERA,መረራ
MERESHA,መርሻ
MERESSA,መሬሳ
MERGETA,መሪጌታ
MERGIA,መርጊያ
MERGIYA,መርጊያ
MERHATSIDIK,መርሃጽድቅ
MERI,መሪ
MERIDAJA,መረዳጃ
MERKEB,መርከብ
MERNE,መርነ
MERON,ሜሮን
MERRY,ሜሪ
MERSA,መርሳ
MERSHA,መርሻ
MERSHAETHIOPIA,መርሻኢትዮጵያ
MERSHIE,መርሼ
MERSO,መርሶ
MERTOLEMARIAM,መርጦለማርያም
MERUTSE,መሩጽ
MESAFENET,መሳፍንት
MESAY,መሳይ
MESELE,መሰለ
MESELECH,መሰለች
MESELU,መሰሉ
MESENBET,መሰንበት
MESERET,መሰረት
MESERETAWI,መሰረታዊ
MESERETE,መሰረቴ
MESFIN,መስፍን
MESHENTI,መሸንቲ
MESHESHA,መሸሻ
MESIHAWIET,መሲሃዊት
MESK,መስክ
MESKEL,መስቀል
MESKEREM,መስከረም
MESSAY,መሳይ
MESSELE,መሰለ
MESSELU,መሰሉ
MESTAWET,መስታወት
METAFERIA,መታፈሪያ
METE,መቲ
METEH,መተህ
METEKIE,ምትኬ
METEKU,ምትኩ
METEMA,መተማ
METIKE,ምትኬ
METSIHET,መጽሄት
MEYAD,መያድ
MEYMUNA,መይሙና
MEZELEKEYA,መዝለኪያ
MEZGEBU,መዝገቡ
MEZIGEBU,መዝገቡ
MICHAEL,ሚካኤል
MICHEL,ሚሼል
MIDER,ምድር
MIESH,ሚኤሽ
MIHERET,ምህረት
MIHERETE,ምህረቴ
MIHERETU,ምህረቱ
MIHIRETAB,ምህረተአብ
MIHIRETE,ምህረቴ
MIHIRETU,ምህረቱ
MIHRETEAB,ምህረተአብ
MIHRETIE,ምህረቴ
MIHRETU,ምህረቱ
MIKER,ምክር
MIKERBET,ምክርቤት
MIKIAS,ሚኪያስ
MIKRU,ምክሩ
MILLINUM,ሚሊኒየም
MILLION,ሚሊየን
MINADE,ምናዴ
MINALE,ምናለ
MINDAYE,ምንዳዬ
MINEYECHIL,ምንይችል
MINWEYELET,ምንወየለት
MINWUYELET,ምንዉዬለት
MIRET,ምረት
MIRTE,ምርቴ
MIRUTS,ምሩጽ
MISGANAW,ምስጋናው
MISGINA,ምስጋና
MISIKIR,ምስክር
MISRAK,ምስራቅ
MISTIR,ሚስጢር
MISTIRE,ሚስጥረ
MITEKE,ምትኬ
MITEKU,ምትኩ
MITIKU,ምትኩ
MKANGO,ምካንጎ
MOGES,ሞገስ
MOGESE,ሞገስ
MOGESSE,ሞገስ
MOGESSIE,ሞገሴ
MOGUS,ሞገስ
MOHA,ሞሃ
MOHAMMED,ሞሃመድ
MOLALEGN,ሞላልኝ
MOLLA,ሞላ
MOLTOT,ሞልቶት
MOMIN,ሞሚን
MONIKA,ሞኒካ
MOSHE,ሞሼ
MOSSEI,ሞሴ
MOTA,ሞታ
MOTBAYNOR,ሙትባይኖር
MOTEMA,ሞትማ
MOUNTAIN,ማውንቴን
MSERERETAWI,መሰረታዊ
MUCHE,ሙቼ
MUHABAW,ሙሃናው
MUJJA,ሙጃ
MULAT,ሙላት
MULATE,ሙላቴ
MULATU,ሙላቱ
MULAW,ሙላው
MULETIE,ሙለቴ
MULTIPURPOSE,መልቲፐርፐዝ
MULU,ሙሉ
MULUALEM,ሙሉአለም
MULUBIRHAN,ሙሉብርሃን
MULUDESTA,ሙሉደስታ
MULUEMEBET,ሙሉመቤት
MULUGETA,ሙሉጌታ
MULUGOJAM,ሙሉጎጃም
MULUKEN,ሙሉከን
MULUMEBET,ሙሉመቤት
MULUNEH,ሙሉነህ
MULUSEW,ሙሉሰው
MULUSHEWA,ሙሉሸዋ
MULUTEZEM,ሙሉተዘም
MULUWORK,ሙሉወርቅ
MULUYE,ሙሉዬ
MUNIE,ሙኒ
MUSEMA,ሙሰማ
MUSSIE,ሙሴ
NADEL,ናደል
NAHOM,ናሆም
NAHOME,ናሆሜ
NAHUSENAY,ናሁሰናይ
NAKE,ናቀ
NAOD,ናኦድ
NAOMI,ናኦሚ
NARDOS,ናርዶስ
NATINAEL,ናትናኤል
NATNAEL,ናትናኤል
NEBEBE,ነበበ
NEBIYU,ነብዩ
NECHO,ነጮ
NEDAW,ንዳው
NEFASSILK,ንፋስልክ
NEGA,ነጋ
NEGADEWOCH,ነጋዴዎች
NEGASANA,ነጋሳና
NEGASH,ነጋሽ
NEGASI,ነጋሲ
NEGASSI,ነጋሲ
NEGASSIE,ነጋሲ
NEGATU,ንጋቱ
NEGED,ነገድ
NEGES,ንገስ
NEGESSE,ነገሰ
NEGEWO,ነገዎ
NEGI,ነጊ
NEGUSSIE,ንጉሴ
NEHUSETA,ነሁስታ
NEMERA,ነመራ
NETSANET,ነጻነት
NETSANETENA,ነጻነትና
NEW,ነው
NEWAY,ንዋይ
NEWUTE,ነውቴ
NIBRETE,ንብረት
NIGANI,ንጋኒ
NIGATU,ንጋቱ
NIGED,ንግድ
NIGEDENA,ንግድና
NIGIRU,ንግሩ
NIGUS,ንጉስ
NIGUSE,ንጉሴ
NIGUSEA,ንጉሴ
NIGUSIE,ንጉሴ
NIGUSSEI,ንጉሴ
NIGUSSIE,ንጉሴ
NIGUSSU,ንጉሱ
NIGUSU,ንጉሱ
NIKODIMOS,ኒቆዲሞስ
NIKU,ንቁ
NITSHET,ንጽህት
NO,ኖ
NORAHUN,ኖራሁን
NUNUSH,ኑንሽ
NURBEZA,ኑርበዛ
NURE,ኑሬ
NUREHUSSIEN,ኑርሁሴን
NURU,ኑሩ
NURUMOHAMMED,ኑሩሞሃመድ
OFFICE,ኦፊስ
OIL,ኦይል
OMEDAD,ኦሜዳድ
OMER,ኡመር
OR,ኦር
ORBIT,ኦርቢት
ORDA,ኦርዳ
ORTHODOX,ኦርቶዶክስ
OSMAN,ኡስማን
OULSO,ኡልሶ
OUME,ኡሜ
OUMER,ኡመር
PAULOS,ጳውሎስ
PHARMACEUTICAL,ፋርማሲውቲካል
PILEGGI,ፕሌጊ
PISONIYA,ፒሶኒያ
PLC,ፒኤልሲ
PRODUCT,ፕሮዳክት
PRODUCTS,ፕሮዳክትስ
PROF.AYENEW,ፕሮፌሰር አየነው
PURPOSE,ፐርፐዝ
PYRAMID,ፒራሚድ
QUALITY,ኩአሊቲ
RAEY,ሬይ
RAHEL,ራሄል
RAHIMA,ረሂማ
RAS,ራስ
REAL,ሪል
REBEB,ረበብ
REBUEH,ረቡህ
REDA,ረዳ
REDAIE,ረዳይ
REDATIE,ረዳቴ
REDI,ረዲ
REDIET,ረድኤት
REGASSA,ረጋሳ
REGION,ሪጅን
REGIONAL,ሪጅናል
REKEBENEH,ረከብነህ
REMEHA,ረመሃ
RESOM,ረሶም
RETA,ረታ
REZENE,ረዘነ
RIYAN,ሪያን
ROBA,ሮባ
ROBEL,ሮቤል
ROBET,ሮቤት
ROBI,ሮቢ
ROMAN,ሮማን
RORESA,ሮሬሳ
ROZA,ሮዛ
RUFAEL,ሩፋኤል
RUTH,ሩት
S.C,ኤስ.ሲ
SABA,ሳባ
SADIK,ሳዲቅ
SAFO,ሳፎ
SAHELE,ሳሂል
SAHELU,ሳህሉ
SAHILE,ሳህሌ
SAHILEMARIAM,ሳህለማርያም
SAHILU,ሳህሉ
SALAEH,ሳለህ
SALAH,ሳለህ
SALEHU,ሳለሁ
SALEHUENE,ሳለሁኝ
SALILIH,ሳልልህ
SALVATORE,ሳልቫቶሬ
SAMA,ሳማ
SAMERAWIT,ሳምራዊት
SAMRAWIT,ሳምራዊት
SAMSON,ሳምሶን
SAMUEL,ሳሙኤል
SANA,ሳና
SANING,ሳኒንግ
SARA,ሳራ
SARON,ሳሮን
SAVING,ሴቪንግ
SCHOOL,እስኩል
SEBEHATLEAB,ስብሃትለአብ
SEBEHATU,ስብሀቱ
SEBIHATU,ስብሀቱ
SEBIRO,ሰብሮ
SEBLE,ሰብለ
SEBLETSEHAY,ሰብለጸሀይ
SEBLEWONGEL,ሰብለወንጌል
SEBOKA,ሰቦቃ
SEBSHENGO,ሰብሸንጎ
SECONDARY,ሰከንደሪ
SECRETARIAT,ሴክረተሪያት
SECURITY,ሴኪዩሪቲ
SEFEFE,ሰፈፈ
SEFENEW,ሰፊነው
SEFERE,ሰፈረ
SEFINESH,ሰፊነሽ
SEGE,ሰጊ
SEGENET,ሰግነት
SEID,ሰኢድ
SEIFE,ሰይፈ
SEIFU,ሰይፉ
SELAM,ሰላም
SELAMAWIT,ሰላማዊት
SELESHI,ስለሺ
SEMACHEW,ስማቸው
SEMAM,ስማም
SEMANEH,ስሜነህ
SEMAYE,ሰማይ
SEME,ስሜ
SEMEGN,ስመኝ
SEMEN,ስሜን
SEMENEH,ስሜነህ
SEMERA,ሰሚራ
SEMERE,ሰመረ
SEMEREAB,ሰምረአብ
SEMIATU,ሰምአቱ
SEMIE,ሰሚኤ
SEMU,ሰሙ
SENAYET,ሰናይት
SENAYIT,ሰናይት
SENDAJI,ሰንዳጅ
SENDEKE,ሰንደቅ
SENDEKU,ሰንደቁ
SENEODOS,ስንኦድስ
SENESHAW,ስንሻው
SENKAGNA,ስንቃኝ
SERA,ስራ
SERANA,ስራና
SERATEGNOCH,ሰራተኞች
SERATEGONECH,ሰራተኞች
SERATGNOCH,ሰራተኞች
SERAW,ስራው
SERAYIT,ሰራይት
SERET,ስርኤት
SERGUALEM,ሰርጉአለም
SERGUT,ስርጉት
SERKADIS,ሰርክአዲስ
SERKALEM,ሰርክአለም
SERTO,ሰርቶ
SERTSE,ሰርጸ
SERUR,ስሩር
SERVICE,ሰርቪስ
SERVICES,ሰርቪስስ
SETARGE,ስታረግ
SETE,ሰተ
SETEGN,ሰጠኝ
SETEGNE,ሰጠኝ
SETEWOCH,ሰተዎች
SETU,ሰጡ
SEW,ሰው
SEWAGEGN,ሰውአገኝ
SEWAGEGNEHU,ሰውአገኘሁ
SEWASEW,ሰዋሰዉ
SEWERAGE,ሰውረጂ
SEWOCH,ሰዎች
SEYFU,ሰይፉ
SEYOUM,ስዩም
SEYUM,ስዩም
SEYUMNAHOM,ስዩም ናሆም
SHALEKA,ሻለቃ
SHAMBEL,ሻምበል
SHAMECHOCH,ሸማቾች
SHAREW,ሻረው
SHASH,ሻሽ
SHASHITU,ሻሺቱ
SHAWEL,ሻውል
SHEBABAW,ሽባባው
SHEBERE,ሸበረ
SHEDENA,ሸድና
SHEFA,ሽፋ
SHEFAW,ሽፈራው
SHEFERAW,ሽፈራው
SHEGAW,ሸጋው
SHEGITU,ሸጊቱ
SHEKUR,ሽኩር
SHELEMU,ሸለሙ
SHEMACHOCH,ሸማቾች
SHEMISU,ሸምሱ
SHENKORA,ሸንኮራ
SHENKORU,ሸንኮሩ
SHENKUT,ሸንቁጥ
SHENKUTE,ሸንቁጤ
SHEWABER,ሸዋበር
SHEWAFERA,ሸዋፈራ
SHEWAKENA,ሸዋቀና
SHEWANGIZAW,ሸዋንግዛው
SHEWANTAD,ሸዋንጣድ
SHEWAREGA,ሸዋረጋ
SHEWARGEA,ሸዋረጋ
SHEWASEGED,ሸዋሰገድ
SHEWASINAD,ሸዋሲናድ
SHIBERE,ሸበረ
SHIBESHI,ሺበሺ
SHIBRU,ሽብሩ
SHIFERAW,ሽፈራው
SHIKUR,ሽኩር
SHILILT,ሺልእልት
SHIMELASH,ሽመልስ
SHIMELES,ሽመልስ
SHIMELIS,ሽመልስ
SHIRENA,ሽረና
SHISHAY,ሽሻይ
SHISHAYE,ሽሻዬ
SHISHEG,ሽሽግ
SHITAYE,ሽታዬ
SHITIE,ሽትዬ
SHUMABO,ሹማቦ
SHUMATA,ሹመት
SHUME,ሹሜ
SHUMET,ሹመት
SHUMETE,ሹመቴ
SHUMEYE,ሹምዬ
SHUMIE,ሹሜ
SHUMYE,ሹምዬ
SIA,ሲያ
SIBHATU,ስብሃቱ
SIBHATUNA,ስብሃቱና
SIDA,ሲዳ
SIFELIG,ስፈልግ
SILEMINE,ስለምን
SILENAT,ስለናት
SILESHI,ስለሺ
SILESSHIE,ስለሺ
SILKU,ስልኩ
SILTAN,ስልጣን
SILTU,ስልጡ
SIMA,ሲማ
SIMACHEW,ስማቸው
SIME,ስሜ
SIMEGN,ስመኝ
SIMERET,ስምረት
SINDAYE,ስንዳዬ
SINESHAW,ስንሻው
SINTAYEHU,ስንታየሁ
SIRA,ስራ
SIRAK,ሲራክ
SIRNESSA,ሲርኔሳ
SISAY,ሲሳይ
SISAYNESH,ሲሳይነሽ
SISTER,ሲስተር
SITOTAW,ስጦታው
SIYADEBER,ሲያደብር
SIYAWEK,ሲያውቅ
SIYUM,ስዩም
SOFIA,ሶፊያ
SOFONIAS,ሶፎኒያስ
SOFT,ሶፍት
SOLIANA,ሶሊያና
SOLOME,ሶሎሜ
SOLOMON,ሰለሞን
SOLUTION,ሶሉሽን
SOPHONIAS,ሶፎኒያስ
SORE,ሶሬ
SORTA,ሶርታ
SOSER,ሶሰር
SOSINA,ሶስና
SOSITU,ሶሲቱ
SOUTH,ሳውዝ
STATE,እስቴት
SUGA,ሱጋ
SULEMAN,ሱሌማን
SULUNA,ሱሉና
SUPERVISION,ሱፐርቪዝን
SUPPLY,ሰፕላይ
T/AREGAWI,ተክለአረጋዊ
T/GABIR,ተክለገቢር
T/GIORGIS,ተክለጊዮርጊስ
T/HAIMANOT,ተክለሃይማኖት
T/HAIYMANOT,ተክለሃይማኖት
T/MARIAM,ተክለማርያም
T/SILASIE,ተክለስላስኤ
T/TSADIK,ተክለጻዲቅ
T/YOHANNES,ተክለዮሃኒስ
TABOR,ታቦር
TABOTEMARIAM,ታቦተማርያም
TACHAWET,ታቻውት
TACHE,ታቼ
TACHIBELE,ታቺበል
TADEG,ታደግ
TADEGE,ታደገ
TADEGEGN,ታደገኝ
TADELECH,ታደለች
TADELLE,ታደለ
TADEME,ታደመ
TADESSE,ታደሰ
TADIWOS,ታዲዎስ
TADIYOS,ታዲዎስ
TAEM,ጣእም
TAF,ታፍ
TAFERE,ታፈረ
TAFESSE,ታፈሰ
TAFETE,ጣፈጠ
TAGELE,ታገል
TAGELO,ታግሎ
TAGUBANA,ታጉባና
TAHA,ጠሃ
TAKELE,ታከለ
TALAKSEW,ታላቅሰው
TALE,ታሌ
TAMENE,ታመነ
TAMER,ተአምር
TAMERAT,ታምራት
TAMERE,ታምሬ
TAMERU,ታምሩ
TAMIRAT,ታምራት
TAMIREN,ታምሬን
TAMIRU,ታምሩ
TANA,ጣና
TAREKE,ታረቀ
TAREKEGN,ታረቀኝ
TAREKGN,ታረቀኝ
TARIK,ታሪክ
TARIKU,ታሪኩ
TARIKUA,ታሪኳ
TARKO,ታርቆ
TASEW,ጣሰው
TASSEW,ጣሰው
TAYAM,ታየም
TAYE,ታየ
TAYECH,ታየች
TEACHERS,መምህራን
TEACHING,ቲቺንግ
TEBEJE,ተበጀ
TEBEKAW,ተበቃው
TEBELU,ጠበሉ
TEBIKEW,ጠብቀው
TECHANE,ተጫኔ
TEDELA,ተድላ
TEDILA,ተድላ
TEDLA,ተድላ
TEFARED,ተፋረድ
TEFERA,ተፈራ
TEFERI,ተፈሪ
TEFERIE,ተፈሪ
TEGA,ተጋ
TEGEGN,ተገኝ
TEGEGNE,ተገኘ
TEGENE,ተገኔ
TEKA,ተካ
TEKABE,ተካበ
TEKAE,ተካ
TEKAHU,ተካሁ
TEKALIGN,ተካልኝ
TEKEBA,ተካበ
TEKELE,ተከለ
TEKELHAIMANOT,ተክለሃይማኖት
TEKELU,ተክሉ
TEKESTE,ተከስተ
TEKIE,ተኪዬ
TEKILE,ተክሌ
TEKILU,ተክሉ
TEKLE,ተክሌ
TEKLEDIB,ተክለድብ
TEKLEGIORGIS,ተክለጊዮርጊስ
TEKLEHAIMANOT,ተክለሃይማኖት
TEKLEMARIAM,ተክለማርያም
TEKLESELASSIE,ተክለሥላሴ
TEKLEYES,ተክለየሱስ
TEKLU,ተክሉ
TEKOLA,ተኮላ
TEKU,ተኩ
TEKUASH,ተኳሽ
TEKUYE,ተቆየ
TELAKE,ተላከ
TEMELISO,ተመልሶ
TEMENE,ተመነ
TEMESEGEN,ተመስገን
TEMESGEN,ተመስገን
TEMTIM,ተምትም
TENAGNE,ተናኘ
TENAGNEWORK,ተናኘወርቅ
TENAW,ጤናው
TENAYE,ጤናዬ
TEQAM,ጠቃም
TERAMED,ተራመድ
TEREDA,ተረዳ
TEREFE,ተረፈ
TEREGA,ተረጋ
TERI,ጠሪ
TERKIK,ተርክክ
TESEMA,ተሰማ
TESFA,ተስፋ
TESFAHUN,ተስፋሁን
TESFAHUNEGN,ተስፋሁነኝ
TESFALEM,ተስፋአለም
TESFAMARIAM,ተስፋማርያም
TESFANESH,ተስፋነሽ
TESFAW,ተስፋው
TESFAY,ተስፋይ
TESFAYE,ተስፋዬ
TESHAGER,ተሻገር
TESHALE,ተሻለ
TESHOME,ተሾመ
TESSEMA,ተሰማ
TESTING,ቴስቲንግ
TETER,ጠጠር
TEWABE,ተዋበ
TEWABECH,ተዋበች
TEWABU,ተዋቡ
TEWAHIDO,ተዋህዶ
TEWDROS,ቴዎድሮስ
TEWEHA,ተወሃ
TEWELAJOCH,ተወላጆች
TEWELE,ተወለ
TEWODROS,ቴዎድሮስ
TEWOLDE,ተወልደ
TEWOLDEBIRHAN,ተወልደብርሃን
TEZERA,ተዘራ
THIFET,ጽህፈት
THITENAW,ትህትናው
TIBEBE,ጥበበ
TIBEBU,ጥበቡ
TIBEKA,ጥበቃ
TIBERIA,ጥበርያ
TIGABE,ጥጋቡ
TIGEST,ትእግስት
TIGIST,ትእግስት
TIKDEM,ትቅደም
TIKUE,ትኩዬ
TIKUR,ጥቁር
TILA,ጥላ
TILAHUN,ጥላሁን
TILAYE,ጥላዬ
TIMERET,ጥምረት
TINGERET,ትንግርት
TINSAE,ትንሳኤ
TINSAHE,ትንሳኤ
TIRET,ጥረት
TIRFE,ትርፌ
TIRFU,ትርፉ
TIRSIT,ትርሲት
TIRU,ጥሩ
TIRUNEH,ጥሩነህ
TIRUWORK,ጥሩወርቅ
TIRUYE,ጥሩዬ
TISE,ጢስ
TIZAZU,ትእዛዙ
TOBEYAW,ጦብያው
TOFFA,ጦፋ
TOHE,ቶህ
TOKO,ቶኮ
TOLLA,ቶላ
TOSA,ጦሳ
TOUR,ቱር
TOUT,ቱት
TOYAL,ቶያል
TRACON,ትራኮን
TRADE,ትሬድ
TRADING,ትሬዲንግ
TRAINING,ትሬይኒንግ
TRANSIT,ትራንዚት
TRANSPORT,ትራንስፖርት
TRANSPORTATION,ትራንስፖርቴሽን
TRAVEL,ትራቭል
TSADIK,ጻዲቅ
TSADKAN,ጻድቃን
TSEBAOT,ጸባዖት
TSEDALE,ጸዳለ
TSEDEY,ጸደይ
TSEFAYE,ተስፋዬ
TSEFET,ጽህፈት
TSEGA,ጸጋ
TSEGAY,ጸጋዬ
TSEGAYE,ጸጋዬ
TSEGE,ጸጋ
TSEGEREDA,ጽጌረዳ
TSEHAY,ፀሐይ
TSEHAYE,ፀሐዬ
TSEHAYENESH,ፀሐዬነሽ
TSENAT,ጽናት
TSIFET,ጽህፈት
TSIGE,ጽጌ
TSIGEWOINI,ጽጌወይኒ
TSILAT,ጽላት
TSION,ጽዮን
TSOME,ፆም
TUKULU,ቱኩሉ
TULEMA,ቱለማ
TULU,ቱሉ
TURI,ጡሪ
TURISM,ቱሪዝም
UME,ኡሜ
UNION,ዩኒየን
UNITY,ዩኒቲ
UNIVERSITY,ዩኒቨርሲቲ
URBAN,አርባን
VIEW,ቪው
VIRUS,ቫይረስ
W/AREGAY,ወ/አረጋይ
W/CHERKOS,ወ/ጨርቆስ
W/GEBREAL,ወ/ገብርኤል
W/GIORGIS,ወ/ጊዮርጊስ
W/HANA,ወ/ሃና
W/HANNA,ወ/ሃና
W/HIWOT,ወ/ህይወት
W/KIDAN,ወ/ኪዳን
W/MARIAM,ወ/ማርያም
W/MARIAMZEYED,ወ/ማርያምዘየድ
W/MESKEL,ወ/መስቀል
W/MICHAEL,ወ/ሚካኤል
W/SELASSIE,ወ/ሥላሴ
W/SENBET,ወ/ሰንበት
W/SILASSIE,ወ/ሥላሴ
W/SILLASSIE,ወ/ሥላሴ
W/TENSAY,ወ/ተንሳይ
W/TSADIK,ወ/ጻዲቅ
W/TSADIL,ወ/ጻዲል
W/YES,ወ/የስ
W/YOHANNES,ወ/ዮሀንስ
WABI,ዋቢ
WAD,ዋድ
WAGAW,ዋጋው
WAGAYE,ዋጋዬ
WAKA,ዋካ
WAKENE,ዋኬኔ
WAKJIRA,ዋቅጅራ
WAKTOLA,ዋቅቶላ
WALE,ዋለ
WALELEGN,ዋለልኝ
WALELIGN,ዋለልኝ
WALLE,ዋለ
WALLIA,ዋልያ
WANG,ዋንግ
WANGARI,ዋንጋሪ
WASHERA,ዋሸራ
WASIHUN,ዋሲሁን
WASSE,ዋሴ
WASSIE,ዋሴ
WASSIHUN,ዋሲሁን
WATER,ዎተር
WAYU,ዋዩ
WEDAJE,ወዳጄ
WEDAJO,ወዳጆ
WEDERA,ወደራ
WEHA,ወሃ
WEHIBE,ወሂብ
WEKELE,ወቀለ
WEKETA,ወቀጣ
WELDE,ወልደ
WELDEGIORGIS,ወልደጊዮርጊስ
WELDEMICHAEL,ወልደሚካኤል
WELDESELASSIE,ወልደሥላሴ
WELDESILASSIE,ወልደሥላሴ
WELDETSADIK,ወልደጻድቅ
WELDEYES,ወልደየስ
WELDU,ወልዱ
WELELAW,ወለላው
WELETAW,ውለታው
WELETU,ወለቱ
WENDAFRASH,ወንዳፍራሽ
WENDEMNEH,ወንድምነህ
WENDEWOSEN,ወንድወሰን
WENDIMHUNEGNE,ወንድማገኝ
WEREDE,ወረደ
WERETA,ወረታ
WERKENEH,ወርቅነህ
WERKISEW,ወርቅሰው
WERKNEH,ወርቅነህ
WESENE,ወሰን
WETAT,ወጣት
WETETOCH,ወጣቶች
WIBER,ዊበር
WIGER,ዊገር
WODAJ,ወዳጅ
WODAJE,ወዳጄ
WOGAYEHU,ወጋየሁ
WOGEDAD,ወገዳድ
WOGEN,ወገን
WOINESHET,ወይንሸት
WOINITU,ወይኒቱ
WOINSHET,ወይንሸት
WOLDE,ወልዴ
WOLDEAB,ወልደአብ
WOLDEAMANUEL,ወልደአማኑኤል
WOLDEAREGAY,ወልደአረጋይ
WOLDEGEBREAL,ወልደገብርኤል
WOLDEGEBRIEL,ወልደገብርኤል
WOLDEGERIMA,ወልደገሪማ
WOLDEGIORGIS,ወልድጊዮርጊስ
WOLDEGIREMA,ወልደገሪማ
WOLDEHAWAREYAT,ወልደሃዋርያት
WOLDEHIWOT,ወልደህይወት
WOLDEKIDAN,ወልደኪዳን
WOLDEKIROS,ወልደኪሮስ
WOLDELEBANOS,ወልደሊባኖስ
WOLDELEOUL,ወልደልዑል
WOLDEMARIAM,ወልደማርያም
WOLDEMEDHIN,ወልደመድህን
WOLDEMESKEL,ወልደመስቀል
WOLDEMICHAEL,ወልደሚካኤል
WOLDERUFAEL,ወልደሩፋኤል
WOLDESEMAIT,ወልድሰማይት
WOLDESEMAYAT,ወልደሰማያት
WOLDESENBET,ወልደሰንበት
WOLDESILASSEI,ወልደሥላሴ
WOLDESILASSIE,ወልደሥላሴ
WOLDETENSAE,ወልደትንሳይ
WOLDETSADIK,ወልደጻዲቅ
WOLDEYES,ወልደየስ
WOLDEYOHANNES,ወልደዮሀንስ
WOLDIA,ወልዲያ
WOLDIE,ወልዴ
WOLDTENSAY,ወልደትንሳይ
WOLDU,ወልዱ
WOLE,ወሌ
WOLEDENEBA,ወልደነባ
WOLETEGEBREAL,ወለተቀብርኤል
WOLLO,ወሎ
WOMEN'S,የሴቶች
WONCHER,ዎንቸር
WONDAFEREW,ወንዳፈራው
WONDAFRASH,ወንዳፍራሽ
WONDAWEK,ወንዳወቅ
WONDEAFERASH,ወንዳፍራሽ
WONDEM,ወንድም
WONDEMAGENEHU,ወንድማገኘሁ
WONDEMHUNEGN,ወንድማገኝ
WONDEMU,ወንድሙ
WONDEWESEN,ወንድወሰን
WONDIE,ወንድዬ
WONDIM,ወንድም
WONDIMAGEGN,ወንድማገኝ
WONDIMAGEGNEHU,ወንድማገኘሁ
WONDIMAYEH,ወንድማየሁ
WONDIME,ወንድሜ
WONDIMU,ወንድሙ
WONDMAGEGNHU,ወንድማገኝ
WONDMAGEN,ወንድማገኝ
WONDMAGENE,ወንድማገኝ
WONDOSSEN,ወንድወሰን
WONDU,ወንዱ
WONDWOSEN,ወንድወሰን
WONDWOSSEN,ወንድወሰን
WONDYIFERAW,ወንድይፍራው
WONDYIFRAW,ወንድይፍራው
WONZE,ወንዛ
WORDOFA,ዎርዶፋ
WOREDA,ወረዳ
WOREDE,ወረደ
WORETA,ወረታ
WORKAFESKU,ወርቃፈራሁ
WORKALEMWHU,ወርቃለማሁ
WORKE,ወርቄ
WORKENEH,ወርቅነህ
WORKENESH,ወርቅነሽ
WORKERS,ወርከርስ
WORKEYE,ወርቅዬ
WORKIE,ወርቅዬ
WORKINEH,ወርቅነህ
WORKNEH,ወርቅነህ
WORKNESH,ወርቅነሽ
WORKS,ዎርክስ
WORKU,ወርቁ
WORKYE,ወርቅዬ
WOSEN,ወሰን
WOSENU,ወሰኑ
WOSENYELESH,ወሰንየለሽ
WOSSENA,ወሰና
WOYEN,ወይን
WOYESA,ወይሳ
WOYINSHET,ወይንሸት
WR.,ወ/ሮ
WUBAYE,ውባዬ
WUBAYEHU,ውባየሁ
WUBE,ውቤ
WUBENEH,ውቤነህ
WUBESHET,ውቤነሽ
WUBETE,ውበቴ
WUBETU,ውበቱ
WUBNEH,ውብነህ
WUBSHET,ውብሸት
WUBU,ውቡ
WUDASSIE,ውዳሴ
WUDENEH,ውድነህ
WUDU,ውዱ
WUHA,ውሃ
WUHANA,ውሃና
WUNEH,ውሄን
WURA,ውራ
WUTET,ውቴት
YADESSA,ያደሳ
YADETIE,ያደቴ
YADIEL,ያዲኤል
YAEI,ያኤል
YAEKOB,ያዕቆብ
YAFED,ያፌድ
YAKOB,ያዕቆብ
YALEMWORK,ያለምወርቅ
YALEW,ያለው
YAMIROT,ያምሮት
YARED,ያሬድ
YAREGAL,ያረጋል
YASCHILAL,ያስችላል
YASSIN,ያሲን
YAYEHYERAD,ያየህይራድ
YAYENEABEBA,ያይናበባ
YAZACHEW,ያዛቸው
YAZEW,ያዘው
YE,የ
YEABIMA,የአብማ
YEAMANUEL,የአማኑኤል
YEAMELD,የአመልድ
YEASAB,የአሳብ
YEBAHIRDAR,የባህርዳር
YEBALTENA,የባልትና
YEBET,የቤት
YEBIRU,የብሩ
YEBKAL,ይበቃል
YECHALE,ይቻል
YECHEREKA,የጨረቃ
YECHEWANESH,የጨዋነሽ
YED/GENET,የድ/ገነት
YEDANGELA,የዳንግላ
YEFETNO,የፈንቶ
YEGARAZH,የጋራዥ
YEGASHENA,የጋሸና
YEGEM,የገም
YEGENZEB,የገንዘብ
YEGLENESH,የግሌነሽ
YEGNA,የኛ
YEGULA,የጉላ
YEHALA,የሃላ
YEHALESHET,የሁዋላሸት
YEHAYENE,ይሄይን
YEHDWEHA,የህድወሃ
YEHIBRET,የሕብረት
YEHIDEGO,ይህደጎ
YEHUALA,የሁዋላ
YEHUN,ይሁን
YEHUNBELAY,ይሁንበላይ
YEHUWALA,የሁዋላ
YEJABI,የጃቢ
YEKATIT,የካቲት
YEKEBER,የክብር
YEKINBAB,የቅንባብ
YEKOME,የቆመ
YEMANE,የማነ
YEMATA,የማታ
YEMENEGEST,የመንግስት
YEMENGEST,የመንግስት
YEMENGIST,የመንግስት
YEMENOREYA,የመኖሪያ
YEMENORU,የመኖሩ
YEMEREDAJA,የመረዳጃ
YEMETESASEB,የመተሳሰብ
YEMIMA,የሚማ
YEMINJAR,የምንጃር
YEMIRU,የምሩ
YEMOT,የሞት
YEMOTENA,የሞትና
YENBIRET,የንብረት
YENEALEM,የኔአለም
YENEGED,የኔገድ
YENENEH,የኔነህ
YENET,የኔት
YENEW,የነው
YENEWONDE,የነወንዴ
YENEWORK,የኔወርቅ
YERAMENA,የራሜና
YERESAW,የረሳው
YEROMNESH,የሮምነሽ
YEROSAN,የሮሳ
YESEBEL,የሰብል
YESERATEGNOCH,የሠራተኞች
YESHAMBEL,የሻምበል
YESHANEW,የሻነው
YESHEMEBET,የሺመቤት
YESHETILA,የሺጥላ
YESHI,የሺ
YESHIDINBER,የሺድንበር
YESHIEMEBET,የሺመቤት
YESHIGETA,የሺጌታ
YESHIROND,የሺሮንድ
YESHITELA,የሺጥላ
YESHITILA,የሺጥላ
YESHITLA,የሺጥላ
YESHIWAS,የሺዋስ
YESHIWORK,የሺወርቅ
YESIGAT,የስጋት
YESUF,የሱፍ
YETEBABERUT,የተባበሩት
YETEGEL,የትግል
YETEKULESH,የተኩረሽ
YETEMEGN,የትመኝ
YETENAYET,የትናየት
YETEREFEWORK,የትርፍወርቅ
YETIMWORK,የትምወርቅ
YETWALE,የትዋለ
YEWELESEW,የወልሰው
YEWETET,የወተት
YEWIKET,የእውቀት
YEWOIYENA,የወይንና
YEWOL,የወል
YEWONDIMAMACHOCHNA,የወንድማማቾች
YEWORKEWEHA,የወርቅውሃ
YEWOZADEROCH,የወዛደሮች
YEZABNESH,የዛብነሽ
YEZEGI,የዘጊ
YEZELEKE,የዘለቀ
YEZIBALEM,የዝባለም
YEZIHALEM,የዚህዓለም
YEZIM,የዚም
YIBELETAL,ይበልጣል
YIBELTAL,ይበልጣል
YIBERE,ይበረ
YIBRALEM,ይብራለም
YIFERED,ይፈረድ
YIFERU,ይፍሩ
YIFRU,ይፍሩ
YIGELETU,ይገለጡ
YIGERMAL,ይገርማል
YIGEZAW,ይግዛው
YIGEZU,ይገዙ
YIGLETU,ይገለጡ
YIGZAW,ይግዛው
YIHALEM,ይህዓለም
YIHEYES,ይሄይስ
YIHIDEGO,ይህደጎ
YILEKAL,ይልቃል
YILEMA,ይልማ
YILIKAL,ይልቃል
YILKAL,ይልቃል
YILMA,ይልማ
YIMAM,ይማም
YIMEGNUESHAL,ይመኙሻል
YIMENU,ይመኙ
YIMER,ይመር
YIMESGEN,ይመስገን
YIRAD,ይራድ
YIRADAW,ይራዳው
YIRDAW,ይርዳው
YIREFU,የረፉ
YIRGA,ይርጋ
YIRSAW,ይርሳው
YISAHAK,ይስሃቅ
YISEMAW,ይስማው
YISETAL,ይሰጣል
YITAYESH,ይታይሽ
YITBAREK,ይትባረክ
YITBARK,ይትባረክ
YITEBAREK,ይትባረክ
YMO/CHORA,ይሞ/ጮራ
YODIT,ዮዲት
YOFTAHE,ዮፍታሔ
YOHANNES,ዮሐንስ
YONAS,ዮናስ
YONATAN,ዮናታን
YOSEF,ዮሴፍ
YOSEPH,ዮሴፍ
YSEHITELA,የሺጥላ
ZABLON,ዛብሎን
ZAHARA,ዛህራ
ZAKIR,ዛኪር
ZALAWOIN,ዛላወይን
ZARO,ዛሮ
ZEBIDER,ዘቢዳር
ZEGEYE,ዘገየ
ZEKARIAS,ዘካርያስ
ZEKI,ዘኪ
ZELALEM,ዘላለም
ZELEALEM,ዘላለም
ZELEKE,ዘለቀ
ZELELE,ዘለለ
ZELELEW,ዘለለው
ZELLELEW,ዘለለው
ZEMAMNESH,ዝማምነሽ
ZEMEDAGEGNEHU,ዘመድአገኘሁ
ZEMEDE,ዘመዴ
ZEMEDKUN,ዘመድኩን
ZEMEN,ዘመን
ZEMENE,ዘመነ
ZEMENFES,ዘመንፈስ
ZEMENU,ዘመኑ
ZEMICHAEL,ዘሚካኤል
ZEMZEM,ዘምዘም
ZENA,ዜና
ZENASH,ዝናሽ
ZENAW,ዝናው
ZENAYENEH,ዝናዬነሽ
ZENBABA,ዘንባባ
ZENEBE,ዘነበ
ZENEBECH,ዘነበች
ZENEBU,ዘነቡ
ZER,ዘር
ZERAM,ዘራም
ZERAY,ዘራይ
ZERE,ዘሬ
ZEREF,ዘረፍ
ZEREFU,ዘረፉ
ZEREHABERUK,ዘርሃብሩክ
ZERFU,ዘርፉ
ZERGAW,ዘርጋው
ZERIHUN,ዘሪሁን
ZERIHUNE,ዘሪሁን
ZERITU,ዘሪቱ
ZERU,ዘሩ
ZEWDE,ዘውዴ
ZEWDIE,ዘውዴ
ZEWDITU,ዘውዲቱ
ZEWDU,ዘውዱ
ZEWEDE,ዘውዴ
ZEWEDU,ዘውዱ
ZEWELDU,ዘወልዱ
ZEWOLDE,ዘወልዴ
ZEWUDE,ዘውዴ
ZEWUDIE,ዘውዴ
ZEWUDU,ዘውዱ
ZEYEDE,ዘየደ
ZEYIN,ዘይን
ZIMAM,ዝማም
ZINA,ዝና
ZINABU,ዝናቡ
ZINFACHEW,ዝንፋቸው
ZIRIHUN,ዘሪሁን
ZOBE,ዞብ
ZUKA,ዙካ
ZUREYA,ዙረያ